Cell_barcode	seurat_cluster_resolution1
10X_P7_4_AAACCTGCACGACGAA	1
10X_P7_4_AAACCTGGTTCCACGG	2
10X_P7_4_AAACCTGTCTCGATGA	7
10X_P7_4_AAACGGGAGCGCTCCA	10
10X_P7_4_AAAGCAAAGTGAATTG	0
10X_P7_4_AAAGCAACACCGAAAG	9
10X_P7_4_AAAGTAGTCCCAAGAT	9
10X_P7_4_AAATGCCAGTCCATAC	2
10X_P7_4_AAATGCCCAGTAAGAT	4
10X_P7_4_AACCATGCACTGTCGG	3
10X_P7_4_AACCATGTCTCAACTT	9
10X_P7_4_AACGTTGTCCTCATTA	11
10X_P7_4_AACTCAGTCACTTCAT	4
10X_P7_4_AACTCTTGTCTTGCGG	1
10X_P7_4_AACTCTTGTTCAACCA	11
10X_P7_4_AACTTTCCACGAAGCA	5
10X_P7_4_AAGACCTAGTCCCACG	6
10X_P7_4_AAGACCTCAGGGTTAG	0
10X_P7_4_AAGACCTCAGGTTTCA	10
10X_P7_4_AAGACCTTCTCAAACG	1
10X_P7_4_AAGACCTTCTTCTGGC	11
10X_P7_4_AAGGAGCAGCCAGAAC	5
10X_P7_4_AAGGCAGAGCGTTGCC	11
10X_P7_4_AAGGCAGAGCTCAACT	5
10X_P7_4_AAGGCAGGTCACCTAA	0
10X_P7_4_AAGGTTCCAGCTATTG	1
10X_P7_4_AAGGTTCGTATAGTAG	4
10X_P7_4_AAGTCTGGTAAGAGGA	3
10X_P7_4_AATCCAGCATGATCCA	1
10X_P7_4_AATCCAGTCAGTTAGC	4
10X_P7_4_AATCCAGTCTTGTCAT	3
10X_P7_4_AATCGGTAGACAGGCT	3
10X_P7_4_ACACCAAAGAAGCCCA	2
10X_P7_4_ACACCAACATCTCGCT	0
10X_P7_4_ACACCCTCAGTCGATT	0
10X_P7_4_ACACCCTTCGAGCCCA	0
10X_P7_4_ACACCGGTCTAACTGG	7
10X_P7_4_ACACTGACATGCCACG	0
10X_P7_4_ACACTGATCAACACGT	6
10X_P7_4_ACAGCCGGTAGCGTAG	10
10X_P7_4_ACATACGTCACTGGGC	5
10X_P7_4_ACATCAGAGAGCCCAA	0
10X_P7_4_ACATCAGAGTTTAGGA	4
10X_P7_4_ACATCAGCAGATCCAT	0
10X_P7_4_ACATCAGTCTCTTGAT	8
10X_P7_4_ACATGGTAGAGTTGGC	9
10X_P7_4_ACATGGTAGCTAAGAT	1
10X_P7_4_ACATGGTGTAAGTTCC	4
10X_P7_4_ACATGGTTCCACGTGG	7
10X_P7_4_ACCCACTAGATATACG	1
10X_P7_4_ACCGTAAAGGATGGTC	1
10X_P7_4_ACCGTAACAACTTGAC	0
10X_P7_4_ACGAGCCAGCGCTCCA	4
10X_P7_4_ACGAGCCAGCTCTCGG	4
10X_P7_4_ACGAGGATCTCTTGAT	3
10X_P7_4_ACGATACAGCCGTCGT	7
10X_P7_4_ACGATACCACAGCGTC	11
10X_P7_4_ACGATGTAGACAAGCC	9
10X_P7_4_ACGATGTCAAACAACA	8
10X_P7_4_ACGATGTCATACGCTA	0
10X_P7_4_ACGATGTTCTACGAGT	0
10X_P7_4_ACGCAGCAGTTACGGG	9
10X_P7_4_ACGCCGAAGCCCAACC	6
10X_P7_4_ACGCCGATCAGTCAGT	9
10X_P7_4_ACGGAGAAGCGATATA	3
10X_P7_4_ACGGAGAGTCACACGC	2
10X_P7_4_ACGGCCACAACTGCTA	0
10X_P7_4_ACGGGCTAGTAGATGT	1
10X_P7_4_ACGGGCTGTTTGTTTC	8
10X_P7_4_ACGGGTCCAGGCTCAC	10
10X_P7_4_ACGGGTCGTTGTACAC	0
10X_P7_4_ACGTCAATCGCGCCAA	2
10X_P7_4_ACTGAGTCACTGCCAG	0
10X_P7_4_ACTGAGTTCGACCAGC	2
10X_P7_4_ACTGATGAGCTCTCGG	1
10X_P7_4_ACTGATGTCGGTTAAC	0
10X_P7_4_ACTGCTCAGACCCACC	2
10X_P7_4_ACTGCTCAGAGGGCTT	5
10X_P7_4_ACTGCTCAGCCTTGAT	6
10X_P7_4_ACTGCTCAGCTAGTTC	6
10X_P7_4_ACTGCTCGTGCGGTAA	1
10X_P7_4_ACTTACTAGAAACCGC	1
10X_P7_4_ACTTGTTCATCCAACA	1
10X_P7_4_ACTTGTTCATGACATC	0
10X_P7_4_AGAATAGAGCACGCCT	0
10X_P7_4_AGAATAGTCTCTGCTG	2
10X_P7_4_AGACGTTTCTCGATGA	3
10X_P7_4_AGAGCGAAGCACGCCT	7
10X_P7_4_AGAGCGAAGTGTGGCA	2
10X_P7_4_AGAGCGACAACACCCG	9
10X_P7_4_AGAGCGATCAATCACG	0
10X_P7_4_AGAGCGATCCGTAGTA	3
10X_P7_4_AGAGCTTAGTACGTTC	1
10X_P7_4_AGAGTGGAGTCCGTAT	1
10X_P7_4_AGAGTGGCATGCCACG	2
10X_P7_4_AGATCTGAGCGATCCC	0
10X_P7_4_AGATCTGGTCTCTTTA	5
10X_P7_4_AGATCTGTCTGTACGA	4
10X_P7_4_AGCATACGTTACGTCA	7
10X_P7_4_AGCGGTCAGTATCTCG	7
10X_P7_4_AGCGTCGGTGCAGGTA	6
10X_P7_4_AGCTCCTCACTAGTAC	9
10X_P7_4_AGCTCTCTCCCAAGTA	0
10X_P7_4_AGCTTGAAGGGATGGG	4
10X_P7_4_AGCTTGATCCACGTTC	11
10X_P7_4_AGGCCACAGCGCTCCA	4
10X_P7_4_AGGCCACGTATCGCAT	1
10X_P7_4_AGGCCACTCGCTTAGA	6
10X_P7_4_AGGTCATGTATTCGTG	1
10X_P7_4_AGGTCATGTCAGTGGA	0
10X_P7_4_AGGTCATGTTACGACT	1
10X_P7_4_AGGTCCGCACCACGTG	7
10X_P7_4_AGTCTTTCAGTGGGAT	10
10X_P7_4_AGTCTTTCATCATCCC	0
10X_P7_4_AGTCTTTGTATTACCG	6
10X_P7_4_AGTGAGGCACATTCGA	10
10X_P7_4_AGTGAGGGTAATCACC	5
10X_P7_4_AGTGGGACAGCCTTGG	6
10X_P7_4_AGTGGGATCTCTAAGG	3
10X_P7_4_AGTGTCAAGCCACCTG	7
10X_P7_4_AGTGTCACACATGGGA	0
10X_P7_4_AGTTGGTCAGTTAACC	0
10X_P7_4_AGTTGGTGTATCAGTC	0
10X_P7_4_AGTTGGTGTGACTACT	8
10X_P7_4_ATAAGAGAGGGCTCTC	3
10X_P7_4_ATAAGAGAGTACGCGA	7
10X_P7_4_ATAAGAGGTGTGCCTG	1
10X_P7_4_ATAGACCTCTCACATT	1
10X_P7_4_ATCACGATCAACACCA	7
10X_P7_4_ATCCACCAGAAACCTA	10
10X_P7_4_ATCCACCGTCGACTAT	6
10X_P7_4_ATCCGAACAAGCCCAC	6
10X_P7_4_ATCCGAATCAAACCGT	2
10X_P7_4_ATCGAGTAGGGTGTTG	4
10X_P7_4_ATCGAGTGTCGAACAG	7
10X_P7_4_ATCTACTAGGAATCGC	6
10X_P7_4_ATCTACTAGTGGACGT	2
10X_P7_4_ATCTACTGTTGAGTTC	1
10X_P7_4_ATCTGCCAGGTGGGTT	6
10X_P7_4_ATGAGGGTCGGACAAG	5
10X_P7_4_ATGAGGGTCTACTTAC	2
10X_P7_4_ATGCGATAGATGCCAG	6
10X_P7_4_ATGCGATGTCGCATAT	2
10X_P7_4_ATGTGTGTCGGCCGAT	2
10X_P7_4_ATTATCCAGACTACAA	3
10X_P7_4_ATTATCCCACCGAATT	5
10X_P7_4_ATTATCCGTCTTCGTC	1
10X_P7_4_ATTCTACCAAACAACA	6
10X_P7_4_ATTCTACCATATACCG	2
10X_P7_4_ATTCTACTCTCCCTGA	3
10X_P7_4_ATTGGACCATGCAATC	8
10X_P7_4_ATTGGTGAGAGTACCG	9
10X_P7_4_ATTGGTGTCTGAGGGA	3
10X_P7_4_ATTTCTGCACCACCAG	5
10X_P7_4_ATTTCTGTCCCGGATG	6
10X_P7_4_ATTTCTGTCTAGAGTC	2
10X_P7_4_CAACCAACAAGAAGAG	3
10X_P7_4_CAACCAACAGCTATTG	1
10X_P7_4_CAACCTCCATTAGGCT	7
10X_P7_4_CAACTAGCACATAACC	4
10X_P7_4_CAACTAGGTTAGATGA	5
10X_P7_4_CAACTAGTCCTGTACC	10
10X_P7_4_CAAGAAAAGAGAGCTC	0
10X_P7_4_CAAGAAAGTATGGTTC	0
10X_P7_4_CAAGATCTCACGCGGT	2
10X_P7_4_CAAGTTGAGATCTGAA	10
10X_P7_4_CAAGTTGCAATCTGCA	4
10X_P7_4_CACAAACAGATGCCAG	11
10X_P7_4_CACAAACTCGCGATCG	6
10X_P7_4_CACACAAAGCCCTAAT	4
10X_P7_4_CACACTCAGTGGACGT	9
10X_P7_4_CACAGGCGTACTCTCC	6
10X_P7_4_CACAGGCGTCGAATCT	6
10X_P7_4_CACATAGAGGGATACC	11
10X_P7_4_CACATAGCACACATGT	6
10X_P7_4_CACATAGGTCTCTTTA	2
10X_P7_4_CACATAGTCCCAAGTA	8
10X_P7_4_CACATTTTCTGTCAAG	7
10X_P7_4_CACTCCATCCGCAGTG	10
10X_P7_4_CACTCCATCGTGTAGT	8
10X_P7_4_CAGAATCAGCTCCTCT	3
10X_P7_4_CAGAATCCAATAACGA	0
10X_P7_4_CAGAGAGCACCTTGTC	1
10X_P7_4_CAGATCAAGAAGGCCT	8
10X_P7_4_CAGATCACAGCTGCAC	0
10X_P7_4_CAGATCAGTACGCACC	1
10X_P7_4_CAGCAGCAGACTAGAT	0
10X_P7_4_CAGCAGCGTGAAAGAG	5
10X_P7_4_CAGCAGCGTTGTTTGG	7
10X_P7_4_CAGCCGACACAGTCGC	6
10X_P7_4_CAGCGACCAAACGCGA	1
10X_P7_4_CAGCTAACAAGAGTCG	8
10X_P7_4_CAGGTGCTCACCACCT	4
10X_P7_4_CAGGTGCTCTCCGGTT	7
10X_P7_4_CAGTAACAGTGGTAAT	4
10X_P7_4_CAGTCCTAGGATTCGG	4
10X_P7_4_CAGTCCTGTGAGCGAT	7
10X_P7_4_CATATGGTCAGGTAAA	7
10X_P7_4_CATATGGTCGTTTATC	2
10X_P7_4_CATATTCAGACGCTTT	4
10X_P7_4_CATCAGATCGGGAGTA	9
10X_P7_4_CATCCACCAATACGCT	4
10X_P7_4_CATCGAAAGGCTCTTA	0
10X_P7_4_CATCGAAAGTACGCGA	2
10X_P7_4_CATCGAATCAACGGGA	2
10X_P7_4_CATCGGGCAGCTGTAT	1
10X_P7_4_CATCGGGCATAAAGGT	1
10X_P7_4_CATCGGGGTCGCTTTC	0
10X_P7_4_CATCGGGGTTGTACAC	7
10X_P7_4_CATGACATCCACGTGG	0
10X_P7_4_CATGCCTCATTGGCGC	8
10X_P7_4_CATGGCGCACCCATGG	1
10X_P7_4_CATGGCGGTGCAGGTA	5
10X_P7_4_CATTCGCCATTTCACT	0
10X_P7_4_CCAATCCCACTACAGT	4
10X_P7_4_CCACCTAAGGCCCGTT	8
10X_P7_4_CCACCTAGTCACTGGC	3
10X_P7_4_CCACCTATCAGCATGT	10
10X_P7_4_CCACGGAAGGCCCGTT	5
10X_P7_4_CCAGCGACACGAAAGC	3
10X_P7_4_CCATGTCCACTTGGAT	8
10X_P7_4_CCATGTCTCCCATTAT	5
10X_P7_4_CCCAATCCAGGTGGAT	5
10X_P7_4_CCCAATCTCATCTGCC	0
10X_P7_4_CCCAGTTCATCGTCGG	5
10X_P7_4_CCCATACGTAGCTAAA	1
10X_P7_4_CCCTCCTTCAAACAAG	10
10X_P7_4_CCCTCCTTCATTGCGA	0
10X_P7_4_CCGGGATGTTGGTTTG	6
10X_P7_4_CCGTACTCATCGGGTC	7
10X_P7_4_CCGTGGAAGTAACCCT	1
10X_P7_4_CCGTGGATCTATCCTA	3
10X_P7_4_CCGTTCAGTAGGCTGA	2
10X_P7_4_CCTAAAGGTTCGTCTC	1
10X_P7_4_CCTACACCAACTGCTA	8
10X_P7_4_CCTACCAGTAGGGTAC	5
10X_P7_4_CCTACCATCGCTTGTC	1
10X_P7_4_CCTAGCTGTGCATCTA	8
10X_P7_4_CCTATTAGTCGCATAT	10
10X_P7_4_CCTCAGTCAGCAGTTT	7
10X_P7_4_CCTCAGTGTGCAGTAG	9
10X_P7_4_CCTCTGAAGAAGATTC	1
10X_P7_4_CCTTACGGTTCATGGT	11
10X_P7_4_CCTTACGTCGCCAGCA	2
10X_P7_4_CCTTCGAAGTCTTGCA	0
10X_P7_4_CCTTCGAGTCACACGC	2
10X_P7_4_CCTTTCTTCGTAGATC	0
10X_P7_4_CGAATGTAGAGCTGCA	4
10X_P7_4_CGACCTTGTCTTCAAG	9
10X_P7_4_CGACTTCGTAGTACCT	6
10X_P7_4_CGACTTCTCTGATACG	4
10X_P7_4_CGAGAAGAGCAGCGTA	3
10X_P7_4_CGAGAAGAGCGATAGC	0
10X_P7_4_CGAGAAGGTTGCGTTA	5
10X_P7_4_CGAGAAGTCTAGCACA	1
10X_P7_4_CGATGGCGTACTTCTT	3
10X_P7_4_CGATGGCTCTCGTATT	9
10X_P7_4_CGATGTATCCCTTGTG	4
10X_P7_4_CGATGTATCGAGAACG	7
10X_P7_4_CGCCAAGTCCTAGAAC	0
10X_P7_4_CGCGGTACAAGTACCT	6
10X_P7_4_CGCGGTACAGACGCCT	3
10X_P7_4_CGCGGTACAGCCTTGG	4
10X_P7_4_CGCGTTTGTTCCACAA	5
10X_P7_4_CGCGTTTGTTCGTTGA	9
10X_P7_4_CGCTATCCACTGCCAG	1
10X_P7_4_CGCTATCCATCTATGG	8
10X_P7_4_CGCTGGATCTGCGACG	0
10X_P7_4_CGCTTCAAGATCCCAT	0
10X_P7_4_CGCTTCAGTAAGCACG	3
10X_P7_4_CGCTTCATCCGAATGT	11
10X_P7_4_CGGACACAGGCTACGA	4
10X_P7_4_CGGACACAGTAGGCCA	1
10X_P7_4_CGGACGTAGCTTTGGT	2
10X_P7_4_CGGACGTAGGCTAGCA	8
10X_P7_4_CGGACTGAGCAGCCTC	2
10X_P7_4_CGGACTGCACTGTCGG	2
10X_P7_4_CGGACTGGTCCGTCAG	0
10X_P7_4_CGGACTGGTGGTACAG	0
10X_P7_4_CGGAGCTCACGACGAA	0
10X_P7_4_CGGAGCTGTTAAGGGC	6
10X_P7_4_CGGAGCTTCCTGCAGG	1
10X_P7_4_CGGAGTCCACGAGGTA	0
10X_P7_4_CGGAGTCCAGACACTT	1
10X_P7_4_CGGAGTCTCAGCAACT	3
10X_P7_4_CGGCTAGGTCAGTGGA	6
10X_P7_4_CGGGTCATCAGGATCT	0
10X_P7_4_CGGGTCATCCCAGGTG	10
10X_P7_4_CGGGTCATCTGCGTAA	7
10X_P7_4_CGGTTAATCCGCAGTG	2
10X_P7_4_CGGTTAATCTGTCCGT	4
10X_P7_4_CGTAGCGCACCACGTG	5
10X_P7_4_CGTAGCGCATGGGAAC	2
10X_P7_4_CGTAGGCCATTCGACA	6
10X_P7_4_CGTCACTGTAACGCGA	7
10X_P7_4_CGTCAGGTCGGCTTGG	2
10X_P7_4_CGTCCATAGACAATAC	1
10X_P7_4_CGTCCATAGGAGCGAG	3
10X_P7_4_CGTCCATCAGCTCGAC	10
10X_P7_4_CGTCTACCAAATCCGT	0
10X_P7_4_CGTGAGCAGGGCATGT	7
10X_P7_4_CGTGAGCAGTACACCT	4
10X_P7_4_CGTGTCTAGCGATAGC	11
10X_P7_4_CGTGTCTAGTGGACGT	3
10X_P7_4_CGTGTCTCACTCTGTC	8
10X_P7_4_CGTTCTGTCGTGGGAA	3
10X_P7_4_CTAAGACGTACATCCA	1
10X_P7_4_CTAAGACGTGACAAAT	7
10X_P7_4_CTAAGACGTTGACGTT	10
10X_P7_4_CTAAGACTCGTGGACC	0
10X_P7_4_CTAATGGGTACAGTGG	7
10X_P7_4_CTACACCAGAAACGCC	3
10X_P7_4_CTACACCGTCCAGTTA	6
10X_P7_4_CTACATTAGTATTGGA	5
10X_P7_4_CTACCCACACGAAACG	0
10X_P7_4_CTACGTCGTCTCACCT	0
10X_P7_4_CTAGCCTGTTCGCGAC	1
10X_P7_4_CTAGTGAAGCAAATCA	3
10X_P7_4_CTAGTGACAATGGTCT	6
10X_P7_4_CTAGTGATCGTGACAT	0
10X_P7_4_CTAGTGATCTCCCTGA	1
10X_P7_4_CTCAGAACACCCTATC	1
10X_P7_4_CTCAGAATCGCAGGCT	6
10X_P7_4_CTCATTACACGAAATA	8
10X_P7_4_CTCGAGGGTCGCATCG	0
10X_P7_4_CTCGGAGGTCAACTGT	8
10X_P7_4_CTCGGAGTCATCACCC	1
10X_P7_4_CTCGGAGTCCTCTAGC	5
10X_P7_4_CTCGTCACATTATCTC	3
10X_P7_4_CTCGTCAGTATGAATG	5
10X_P7_4_CTCGTCAGTGGTCTCG	2
10X_P7_4_CTCTAATAGGGTCGAT	4
10X_P7_4_CTCTACGAGTGGAGAA	1
10X_P7_4_CTCTACGCAAAGCAAT	2
10X_P7_4_CTCTGGTAGGAGCGTT	11
10X_P7_4_CTCTGGTGTTCCCGAG	1
10X_P7_4_CTCTGGTGTTTGGCGC	6
10X_P7_4_CTGAAACTCCGAATGT	0
10X_P7_4_CTGAAGTGTAGAGCTG	4
10X_P7_4_CTGATAGGTGAAGGCT	2
10X_P7_4_CTGATAGGTTAAAGAC	3
10X_P7_4_CTGATCCCAAGCCCAC	1
10X_P7_4_CTGCCTAAGGGTGTTG	6
10X_P7_4_CTGCGGATCGGAGCAA	6
10X_P7_4_CTGCTGTTCCTCGCAT	6
10X_P7_4_CTGTTTAGTTAAAGTG	1
10X_P7_4_CTGTTTATCGTCCGTT	3
10X_P7_4_CTTACCGAGTCCATAC	7
10X_P7_4_CTTACCGGTCCATCCT	0
10X_P7_4_CTTACCGTCTTGCAAG	10
10X_P7_4_CTTCTCTCACCGCTAG	2
10X_P7_4_CTTCTCTTCATTCACT	3
10X_P7_4_CTTGGCTAGACTTTCG	5
10X_P7_4_GAACGGACAGTCAGCC	11
10X_P7_4_GAACGGAGTGCGAAAC	3
10X_P7_4_GAACGGATCCTTCAAT	0
10X_P7_4_GAAGCAGTCACTATTC	1
10X_P7_4_GAAGCAGTCGAATCCA	1
10X_P7_4_GAATAAGTCCCATTAT	0
10X_P7_4_GAATGAATCGAATGCT	10
10X_P7_4_GACACGCAGGGTTCCC	6
10X_P7_4_GACACGCCAGCCTTGG	2
10X_P7_4_GACACGCCATTTCAGG	3
10X_P7_4_GACAGAGAGATCGATA	3
10X_P7_4_GACAGAGGTATTCGTG	5
10X_P7_4_GACAGAGGTGCACGAA	1
10X_P7_4_GACCTGGTCATAACCG	4
10X_P7_4_GACGTTAAGTGTACCT	1
10X_P7_4_GACGTTATCCACGAAT	6
10X_P7_4_GACTACACAAGCTGAG	1
10X_P7_4_GACTACAGTAGCGTGA	2
10X_P7_4_GACTGCGGTGCAACTT	1
10X_P7_4_GAGCAGAAGATATGCA	8
10X_P7_4_GATCAGTAGTCTCCTC	0
10X_P7_4_GATCAGTGTTTGCATG	3
10X_P7_4_GATCGATCACATGGGA	4
10X_P7_4_GATCGCGAGGGCTCTC	3
10X_P7_4_GATCGCGGTTGCGCAC	2
10X_P7_4_GATCGTATCTCGGACG	8
10X_P7_4_GATCTAGGTCTAGAGG	5
10X_P7_4_GATCTAGTCTTTACAC	9
10X_P7_4_GATGAAAAGAAGATTC	0
10X_P7_4_GATGAAAAGACGACGT	10
10X_P7_4_GATTCAGCACAGCGTC	2
10X_P7_4_GATTCAGGTAATCGTC	9
10X_P7_4_GCAAACTAGCCCTAAT	2
10X_P7_4_GCAAACTGTCAGAGGT	0
10X_P7_4_GCAAACTGTTTCCACC	1
10X_P7_4_GCACTCTGTAAACCTC	7
10X_P7_4_GCAGCCAGTTGAACTC	5
10X_P7_4_GCAGTTAAGTATTGGA	0
10X_P7_4_GCAGTTATCGCACTCT	7
10X_P7_4_GCATACATCCCTGACT	2
10X_P7_4_GCATGCGCAGCTGCTG	5
10X_P7_4_GCATGTACACCTCGTT	4
10X_P7_4_GCCAAATAGATATACG	3
10X_P7_4_GCCAAATCACCATCCT	1
10X_P7_4_GCCTCTACATCGGAAG	8
10X_P7_4_GCCTCTATCAAGAAGT	1
10X_P7_4_GCGACCAAGTGACATA	4
10X_P7_4_GCGAGAAGTCGAGTTT	0
10X_P7_4_GCGCCAAAGGCATTGG	3
10X_P7_4_GCGCGATGTGCTGTAT	4
10X_P7_4_GCGCGATTCTTGCATT	0
10X_P7_4_GCTCCTAGTCTAAAGA	2
10X_P7_4_GCTCTGTAGTCGTTTG	1
10X_P7_4_GCTCTGTGTCTAAAGA	7
10X_P7_4_GCTGCAGAGCCCTAAT	0
10X_P7_4_GCTGCAGTCAACGGGA	7
10X_P7_4_GCTGCAGTCGTTTGCC	0
10X_P7_4_GCTGCAGTCTGCGACG	4
10X_P7_4_GCTGCGAAGAACAACT	3
10X_P7_4_GCTGCGAGTAAACGCG	2
10X_P7_4_GCTGCGATCGAATGCT	11
10X_P7_4_GCTGCTTCAGCTGTAT	0
10X_P7_4_GCTGCTTGTCCGAAGA	0
10X_P7_4_GCTGCTTTCCAATGGT	0
10X_P7_4_GCTGGGTCAATGAATG	4
10X_P7_4_GCTTCCAAGTGAAGTT	5
10X_P7_4_GCTTCCACACGAGGTA	6
10X_P7_4_GGAAAGCAGGAGTAGA	6
10X_P7_4_GGAACTTTCACCCTCA	9
10X_P7_4_GGAACTTTCTGAGTGT	10
10X_P7_4_GGACAGAAGTCAAGGC	2
10X_P7_4_GGACGTCAGGGTGTTG	3
10X_P7_4_GGACGTCCACGCGAAA	2
10X_P7_4_GGAGCAACATTACGAC	9
10X_P7_4_GGAGCAATCTGTCAAG	7
10X_P7_4_GGATGTTAGTGTACGG	1
10X_P7_4_GGATGTTTCGTGGTCG	10
10X_P7_4_GGATTACAGAGGACGG	5
10X_P7_4_GGATTACCACGGTAAG	0
10X_P7_4_GGATTACGTGCCTGTG	4
10X_P7_4_GGCAATTCATGATCCA	8
10X_P7_4_GGCAATTGTAAATACG	1
10X_P7_4_GGCCGATCAAGGACTG	1
10X_P7_4_GGCGACTCAAATCCGT	2
10X_P7_4_GGCGACTCAGTATAAG	5
10X_P7_4_GGCGTGTCAATCCAAC	3
10X_P7_4_GGCGTGTTCGTGGACC	9
10X_P7_4_GGCTCGACAAGCTGTT	0
10X_P7_4_GGCTCGATCACATACG	1
10X_P7_4_GGCTGGTCAGGGCATA	1
10X_P7_4_GGCTGGTGTGTCGCTG	8
10X_P7_4_GGGAATGTCCGCAGTG	8
10X_P7_4_GGGACCTCACTCTGTC	1
10X_P7_4_GGGACCTCAGACGCAA	5
10X_P7_4_GGGACCTGTTATCGGT	5
10X_P7_4_GGGAGATAGGTGCTTT	4
10X_P7_4_GGGATGATCCGAAGAG	10
10X_P7_4_GGGCATCCAGTCGATT	6
10X_P7_4_GGGCATCGTACCCAAT	5
10X_P7_4_GGGTCTGCATTGTGCA	0
10X_P7_4_GGTATTGCACAGAGGT	2
10X_P7_4_GGTATTGGTCGGCACT	0
10X_P7_4_GGTGAAGTCGACCAGC	1
10X_P7_4_GGTGCGTGTATATCCG	0
10X_P7_4_GGTGTTAAGCTAGTGG	4
10X_P7_4_GGTGTTATCAGTGCAT	2
10X_P7_4_GTAACGTAGCTAACAA	3
10X_P7_4_GTAACGTGTCTTGTCC	0
10X_P7_4_GTAACGTGTTGAGTTC	7
10X_P7_4_GTAACGTGTTTGCATG	0
10X_P7_4_GTAACTGGTAAGTTCC	11
10X_P7_4_GTAACTGGTCGCGTGT	3
10X_P7_4_GTAGGCCAGCTAACAA	0
10X_P7_4_GTAGGCCCAGCCTATA	1
10X_P7_4_GTAGGCCTCAACGGGA	1
10X_P7_4_GTAGGCCTCTCGAGTA	11
10X_P7_4_GTATCTTAGGTGATAT	11
10X_P7_4_GTATCTTTCATCGGAT	0
10X_P7_4_GTATTCTTCACCATAG	8
10X_P7_4_GTATTCTTCCGTCATC	0
10X_P7_4_GTCAAGTAGAGGTTGC	6
10X_P7_4_GTCACAAGTTCCTCCA	1
10X_P7_4_GTCACGGCATGGATGG	7
10X_P7_4_GTCATTTAGTGTGAAT	1
10X_P7_4_GTCATTTGTAGGAGTC	2
10X_P7_4_GTCATTTTCACCGTAA	1
10X_P7_4_GTCATTTTCCCAACGG	0
10X_P7_4_GTCCTCACATTCTCAT	2
10X_P7_4_GTCCTCATCTGTCCGT	4
10X_P7_4_GTCGTAAAGCTGATAA	2
10X_P7_4_GTCGTAATCCTAGGGC	3
10X_P7_4_GTCGTAATCTTTAGTC	5
10X_P7_4_GTCTTCGAGCGTCTAT	0
10X_P7_4_GTGCAGCAGATGCGAC	6
10X_P7_4_GTGCAGCGTTGGAGGT	4
10X_P7_4_GTGCATACACGCTTTC	3
10X_P7_4_GTGCATACATGGTCTA	11
10X_P7_4_GTGCGGTCACGAAATA	4
10X_P7_4_GTGCTTCCACATAACC	4
10X_P7_4_GTGGGTCAGAGGTTGC	4
10X_P7_4_GTGGGTCCAAGCTGAG	2
10X_P7_4_GTGGGTCTCCAGAGGA	11
10X_P7_4_GTGTTAGAGCTGCAAG	1
10X_P7_4_GTGTTAGCAACTGCTA	7
10X_P7_4_GTTAAGCCATTCTCAT	6
10X_P7_4_GTTAAGCTCAAGGTAA	0
10X_P7_4_GTTCATTAGAGTCTGG	2
10X_P7_4_GTTCGGGAGCTTATCG	2
10X_P7_4_GTTCTCGAGGCATGTG	7
10X_P7_4_GTTCTCGAGTACGTTC	5
10X_P7_4_GTTCTCGGTCTAGCGC	7
10X_P7_4_GTTTCTACAGATCCAT	8
10X_P7_4_TAAACCGAGCCACCTG	8
10X_P7_4_TAAGAGACACGTAAGG	8
10X_P7_4_TAAGAGACATGGATGG	2
10X_P7_4_TAAGAGATCCCGGATG	1
10X_P7_4_TACAGTGGTTCCACGG	5
10X_P7_4_TACCTATAGCGAGAAA	0
10X_P7_4_TACCTATGTCGCATCG	3
10X_P7_4_TACCTTAGTCCAACTA	0
10X_P7_4_TACCTTATCGTGGGAA	4
10X_P7_4_TACGGATAGGCAATTA	7
10X_P7_4_TACGGATCATGGAATA	3
10X_P7_4_TACGGATGTATAAACG	6
10X_P7_4_TACGGGCAGTCTCGGC	7
10X_P7_4_TACGGTAAGAGTAATC	3
10X_P7_4_TACGGTAAGCTACCTA	3
10X_P7_4_TACGGTACAAGTTCTG	2
10X_P7_4_TACTCATTCAAGGTAA	0
10X_P7_4_TACTCGCGTCTTGCGG	6
10X_P7_4_TACTTACTCTCCAACC	5
10X_P7_4_TAGCCGGGTCGAACAG	2
10X_P7_4_TAGCCGGGTTCGTGAT	4
10X_P7_4_TAGGCATGTCTCCATC	6
10X_P7_4_TAGGCATTCAAACCAC	1
10X_P7_4_TAGTTGGAGTGTTGAA	5
10X_P7_4_TAGTTGGGTAGTACCT	1
10X_P7_4_TAGTTGGTCACGAAGG	7
10X_P7_4_TATCTCAAGCTACCTA	3
10X_P7_4_TATCTCACAAGGACAC	1
10X_P7_4_TATCTCACAATCACAC	10
10X_P7_4_TATTACCCACCGAAAG	10
10X_P7_4_TATTACCTCGTAGGTT	2
10X_P7_4_TCAACGAAGACGCTTT	0
10X_P7_4_TCAACGATCTTTAGGG	7
10X_P7_4_TCACAAGAGTAGCGGT	10
10X_P7_4_TCAGCTCAGTCGCCGT	7
10X_P7_4_TCAGCTCAGTGCTGCC	4
10X_P7_4_TCAGCTCGTGGACGAT	5
10X_P7_4_TCAGCTCGTTGATTGC	6
10X_P7_4_TCAGGATAGACAGGCT	9
10X_P7_4_TCAGGATCACTGTGTA	7
10X_P7_4_TCAGGATGTCTAGTCA	8
10X_P7_4_TCAGGTACATAACCTG	8
10X_P7_4_TCATTACCACATCTTT	0
10X_P7_4_TCATTACTCACCGTAA	6
10X_P7_4_TCATTTGTCCACTCCA	9
10X_P7_4_TCCACACCACTCGACG	5
10X_P7_4_TCCCGATTCCATGAAC	11
10X_P7_4_TCCCGATTCCGTAGGC	8
10X_P7_4_TCGAGGCGTATGCTTG	0
10X_P7_4_TCGAGGCTCTGAGTGT	0
10X_P7_4_TCGCGAGGTTGGGACA	1
10X_P7_4_TCGGGACAGTCAAGGC	4
10X_P7_4_TCGGGACCAGGTGCCT	5
10X_P7_4_TCGGGACCATCACCCT	4
10X_P7_4_TCGGGACGTTCGGGCT	1
10X_P7_4_TCGGTAACATTGGCGC	2
10X_P7_4_TCGTACCAGTTACGGG	0
10X_P7_4_TCGTACCTCAACGCTA	0
10X_P7_4_TCGTACCTCTGTACGA	10
10X_P7_4_TCGTAGATCGCATGGC	3
10X_P7_4_TCTATTGCACTGAAGG	0
10X_P7_4_TCTCATAGTGTAACGG	4
10X_P7_4_TCTGAGACAGCTGTGC	4
10X_P7_4_TCTGGAATCGAGCCCA	1
10X_P7_4_TCTTCGGGTAGGACAC	4
10X_P7_4_TCTTTCCGTCGCGTGT	3
10X_P7_4_TGACAACAGATATGGT	5
10X_P7_4_TGACGGCAGAGAGCTC	3
10X_P7_4_TGACGGCGTAAGTAGT	0
10X_P7_4_TGACTTTCATTCTCAT	1
10X_P7_4_TGACTTTTCAAACCGT	7
10X_P7_4_TGACTTTTCGTAGATC	2
10X_P7_4_TGAGCATCATGCTGGC	3
10X_P7_4_TGAGCCGGTCGGCATC	2
10X_P7_4_TGAGGGAAGCGTGAAC	1
10X_P7_4_TGAGGGACATACCATG	5
10X_P7_4_TGCACCTCAAGTTCTG	4
10X_P7_4_TGCACCTCAGCCTGTG	11
10X_P7_4_TGCACCTTCCAAGTAC	8
10X_P7_4_TGCCAAAGTGTGCCTG	4
10X_P7_4_TGCCCATTCGGTCTAA	9
10X_P7_4_TGCCCATTCTGCTTGC	3
10X_P7_4_TGCCCTACATGGAATA	0
10X_P7_4_TGCGCAGCACTTCGAA	7
10X_P7_4_TGCGGGTCAGATGGGT	2
10X_P7_4_TGCGGGTCATCGACGC	9
10X_P7_4_TGCGGGTGTATGGTTC	2
10X_P7_4_TGCGTGGGTAGCTGCC	3
10X_P7_4_TGCGTGGTCCAGGGCT	0
10X_P7_4_TGCTACCCAAGAAGAG	9
10X_P7_4_TGCTACCTCACAAACC	5
10X_P7_4_TGCTACCTCCCTTGCA	4
10X_P7_4_TGCTGCTCATCGACGC	5
10X_P7_4_TGCTGCTGTAACGTTC	11
10X_P7_4_TGCTGCTTCACAGGCC	9
10X_P7_4_TGGACGCCACGGACAA	0
10X_P7_4_TGGACGCCACTTACGA	0
10X_P7_4_TGGACGCCAGCCAGAA	9
10X_P7_4_TGGACGCGTTACGACT	1
10X_P7_4_TGGACGCTCTGGCGTG	1
10X_P7_4_TGGCGCAGTAAGTAGT	1
10X_P7_4_TGGCTGGTCGAATGCT	2
10X_P7_4_TGGGAAGAGGCGCTCT	1
10X_P7_4_TGGGAAGGTACAAGTA	5
10X_P7_4_TGGGCGTCATAGGATA	8
10X_P7_4_TGGTTAGCAAGAAGAG	5
10X_P7_4_TGGTTAGCATGTCGAT	3
10X_P7_4_TGTATTCAGCAGCCTC	0
10X_P7_4_TGTATTCAGCGAAGGG	2
10X_P7_4_TGTCCCACAGCTGTTA	4
10X_P7_4_TGTCCCAGTCGCGTGT	1
10X_P7_4_TGTGGTAGTTCCAACA	1
10X_P7_4_TGTGTTTCATTACGAC	5
10X_P7_4_TTAGGCACAGAAGCAC	3
10X_P7_4_TTAGGCAGTACTCGCG	7
10X_P7_4_TTAGTTCAGCTAACAA	2
10X_P7_4_TTAGTTCCATCCGGGT	0
10X_P7_4_TTAGTTCGTCTTCTCG	1
10X_P7_4_TTAGTTCTCTCTGCTG	1
10X_P7_4_TTATGCTTCCCAAGTA	8
10X_P7_4_TTATGCTTCCTTAATC	3
10X_P7_4_TTCCCAGCATAAGACA	3
10X_P7_4_TTCCCAGGTTGTTTGG	1
10X_P7_4_TTCGGTCAGACAATAC	6
10X_P7_4_TTCGGTCCAATCCGAT	6
10X_P7_4_TTCGGTCCACTGTTAG	0
10X_P7_4_TTCGGTCTCAGCTCTC	4
10X_P7_4_TTCTACAAGAGCAATT	7
10X_P7_4_TTCTCCTTCACCGTAA	5
10X_P7_4_TTCTTAGGTTTGGGCC	11
10X_P7_4_TTCTTAGTCATGGTCA	1
10X_P7_4_TTGCCGTAGCTATGCT	11
10X_P7_4_TTGCCGTGTTGCGCAC	5
10X_P7_4_TTGCCGTGTTGTTTGG	5
10X_P7_4_TTGCGTCAGCAGATCG	5
10X_P7_4_TTGGAACAGTTGCAGG	2
10X_P7_4_TTGGCAAAGTGGTAAT	9
10X_P7_4_TTGTAGGAGGTGGGTT	0
10X_P7_4_TTTACTGCAGACGCTC	0
10X_P7_4_TTTATGCTCGATAGAA	6
10X_P7_4_TTTCCTCGTATCACCA	5
10X_P7_4_TTTCCTCTCCAGGGCT	8
10X_P7_4_TTTGCGCAGGACAGCT	1
10X_P7_4_TTTGGTTCAGACTCGC	4
10X_P7_4_TTTGTCAAGTGGAGAA	4
10X_P7_4_TTTGTCACAAGCCATT	3
10X_P7_4_TTTGTCAGTCGATTGT	7
10X_P7_4_TTTGTCAGTGCGCTTG	11
